{
	"credit": "Made with Blockbench",
	"parent": "item/sword_display",
	"gui_light": "front",
	"textures": {
        "7": "item/golden_carrot",
        "particle": "break/golden_carrot"
	},
	"elements": [
		{
			"name": "golden_carrot_0",
			"from": [7, 14, 7.5],
			"to": [8, 15, 8.5],
			"faces": {
				"north": {"uv": [7, 2, 8, 1], "rotation": 180, "texture": "#7"},
				"east": {"uv": [7, 1, 8, 2], "texture": "#7"},
				"south": {"uv": [7, 1, 8, 2], "texture": "#7"},
				"west": {"uv": [7, 1, 8, 2], "texture": "#7"},
				"up": {"uv": [8, 1, 7, 2], "rotation": 180, "texture": "#7"},
				"down": {"uv": [7, 1, 8, 2], "texture": "#7"}
			}
		},
		{
			"name": "golden_carrot_1",
			"from": [8, 14, 7.5],
			"to": [9, 15, 8.5],
			"faces": {
				"north": {"uv": [8, 2, 9, 1], "rotation": 180, "texture": "#7"},
				"east": {"uv": [8, 1, 9, 2], "texture": "#7"},
				"south": {"uv": [8, 1, 9, 2], "texture": "#7"},
				"west": {"uv": [8, 1, 9, 2], "texture": "#7"},
				"up": {"uv": [9, 1, 8, 2], "rotation": 180, "texture": "#7"},
				"down": {"uv": [8, 1, 9, 2], "texture": "#7"}
			}
		},
		{
			"name": "golden_carrot_2",
			"from": [9, 14, 7.5],
			"to": [10, 15, 8.5],
			"faces": {
				"north": {"uv": [9, 2, 10, 1], "rotation": 180, "texture": "#7"},
				"east": {"uv": [9, 1, 10, 2], "texture": "#7"},
				"south": {"uv": [9, 1, 10, 2], "texture": "#7"},
				"west": {"uv": [9, 1, 10, 2], "texture": "#7"},
				"up": {"uv": [10, 1, 9, 2], "rotation": 180, "texture": "#7"},
				"down": {"uv": [9, 1, 10, 2], "texture": "#7"}
			}
		},
		{
			"name": "golden_carrot_3",
			"from": [8, 13, 7.5],
			"to": [9, 14, 8.5],
			"faces": {
				"north": {"uv": [8, 3, 9, 2], "rotation": 180, "texture": "#7"},
				"east": {"uv": [8, 2, 9, 3], "texture": "#7"},
				"south": {"uv": [8, 2, 9, 3], "texture": "#7"},
				"west": {"uv": [8, 2, 9, 3], "texture": "#7"},
				"up": {"uv": [9, 2, 8, 3], "rotation": 180, "texture": "#7"},
				"down": {"uv": [8, 2, 9, 3], "texture": "#7"}
			}
		},
		{
			"name": "golden_carrot_4",
			"from": [9, 13, 7.5],
			"to": [10, 14, 8.5],
			"faces": {
				"north": {"uv": [9, 3, 10, 2], "rotation": 180, "texture": "#7"},
				"east": {"uv": [9, 2, 10, 3], "texture": "#7"},
				"south": {"uv": [9, 2, 10, 3], "texture": "#7"},
				"west": {"uv": [9, 2, 10, 3], "texture": "#7"},
				"up": {"uv": [10, 2, 9, 3], "rotation": 180, "texture": "#7"},
				"down": {"uv": [9, 2, 10, 3], "texture": "#7"}
			}
		},
		{
			"name": "golden_carrot_5",
			"from": [10, 13, 7.5],
			"to": [11, 14, 8.5],
			"faces": {
				"north": {"uv": [10, 3, 11, 2], "rotation": 180, "texture": "#7"},
				"east": {"uv": [10, 2, 11, 3], "texture": "#7"},
				"south": {"uv": [10, 2, 11, 3], "texture": "#7"},
				"west": {"uv": [10, 2, 11, 3], "texture": "#7"},
				"up": {"uv": [11, 2, 10, 3], "rotation": 180, "texture": "#7"},
				"down": {"uv": [10, 2, 11, 3], "texture": "#7"}
			}
		},
		{
			"name": "golden_carrot_6",
			"from": [12, 13, 7.5],
			"to": [13, 14, 8.5],
			"faces": {
				"north": {"uv": [12, 3, 13, 2], "rotation": 180, "texture": "#7"},
				"east": {"uv": [12, 2, 13, 3], "texture": "#7"},
				"south": {"uv": [12, 2, 13, 3], "texture": "#7"},
				"west": {"uv": [12, 2, 13, 3], "texture": "#7"},
				"up": {"uv": [13, 2, 12, 3], "rotation": 180, "texture": "#7"},
				"down": {"uv": [12, 2, 13, 3], "texture": "#7"}
			}
		},
		{
			"name": "golden_carrot_7",
			"from": [13, 13, 7.5],
			"to": [14, 14, 8.5],
			"faces": {
				"north": {"uv": [13, 3, 14, 2], "rotation": 180, "texture": "#7"},
				"east": {"uv": [13, 2, 14, 3], "texture": "#7"},
				"south": {"uv": [13, 2, 14, 3], "texture": "#7"},
				"west": {"uv": [13, 2, 14, 3], "texture": "#7"},
				"up": {"uv": [14, 2, 13, 3], "rotation": 180, "texture": "#7"},
				"down": {"uv": [13, 2, 14, 3], "texture": "#7"}
			}
		},
		{
			"name": "golden_carrot_8",
			"from": [5, 12, 7.5],
			"to": [6, 13, 8.5],
			"faces": {
				"north": {"uv": [5, 4, 6, 3], "rotation": 180, "texture": "#7"},
				"east": {"uv": [5, 3, 6, 4], "texture": "#7"},
				"south": {"uv": [5, 3, 6, 4], "texture": "#7"},
				"west": {"uv": [5, 3, 6, 4], "texture": "#7"},
				"up": {"uv": [6, 3, 5, 4], "rotation": 180, "texture": "#7"},
				"down": {"uv": [5, 3, 6, 4], "texture": "#7"}
			}
		},
		{
			"name": "golden_carrot_9",
			"from": [6, 12, 7.5],
			"to": [7, 13, 8.5],
			"faces": {
				"north": {"uv": [6, 4, 7, 3], "rotation": 180, "texture": "#7"},
				"east": {"uv": [6, 3, 7, 4], "texture": "#7"},
				"south": {"uv": [6, 3, 7, 4], "texture": "#7"},
				"west": {"uv": [6, 3, 7, 4], "texture": "#7"},
				"up": {"uv": [7, 3, 6, 4], "rotation": 180, "texture": "#7"},
				"down": {"uv": [6, 3, 7, 4], "texture": "#7"}
			}
		},
		{
			"name": "golden_carrot_10",
			"from": [7, 12, 7.5],
			"to": [8, 13, 8.5],
			"faces": {
				"north": {"uv": [7, 4, 8, 3], "rotation": 180, "texture": "#7"},
				"east": {"uv": [7, 3, 8, 4], "texture": "#7"},
				"south": {"uv": [7, 3, 8, 4], "texture": "#7"},
				"west": {"uv": [7, 3, 8, 4], "texture": "#7"},
				"up": {"uv": [8, 3, 7, 4], "rotation": 180, "texture": "#7"},
				"down": {"uv": [7, 3, 8, 4], "texture": "#7"}
			}
		},
		{
			"name": "golden_carrot_11",
			"from": [8, 12, 7.5],
			"to": [9, 13, 8.5],
			"faces": {
				"north": {"uv": [8, 4, 9, 3], "rotation": 180, "texture": "#7"},
				"east": {"uv": [8, 3, 9, 4], "texture": "#7"},
				"south": {"uv": [8, 3, 9, 4], "texture": "#7"},
				"west": {"uv": [8, 3, 9, 4], "texture": "#7"},
				"up": {"uv": [9, 3, 8, 4], "rotation": 180, "texture": "#7"},
				"down": {"uv": [8, 3, 9, 4], "texture": "#7"}
			}
		},
		{
			"name": "golden_carrot_12",
			"from": [9, 12, 7.5],
			"to": [10, 13, 8.5],
			"faces": {
				"north": {"uv": [9, 4, 10, 3], "rotation": 180, "texture": "#7"},
				"east": {"uv": [9, 3, 10, 4], "texture": "#7"},
				"south": {"uv": [9, 3, 10, 4], "texture": "#7"},
				"west": {"uv": [9, 3, 10, 4], "texture": "#7"},
				"up": {"uv": [10, 3, 9, 4], "rotation": 180, "texture": "#7"},
				"down": {"uv": [9, 3, 10, 4], "texture": "#7"}
			}
		},
		{
			"name": "golden_carrot_13",
			"from": [10, 12, 7.5],
			"to": [11, 13, 8.5],
			"faces": {
				"north": {"uv": [10, 4, 11, 3], "rotation": 180, "texture": "#7"},
				"east": {"uv": [10, 3, 11, 4], "texture": "#7"},
				"south": {"uv": [10, 3, 11, 4], "texture": "#7"},
				"west": {"uv": [10, 3, 11, 4], "texture": "#7"},
				"up": {"uv": [11, 3, 10, 4], "rotation": 180, "texture": "#7"},
				"down": {"uv": [10, 3, 11, 4], "texture": "#7"}
			}
		},
		{
			"name": "golden_carrot_14",
			"from": [11, 12, 7.5],
			"to": [12, 13, 8.5],
			"faces": {
				"north": {"uv": [11, 4, 12, 3], "rotation": 180, "texture": "#7"},
				"east": {"uv": [11, 3, 12, 4], "texture": "#7"},
				"south": {"uv": [11, 3, 12, 4], "texture": "#7"},
				"west": {"uv": [11, 3, 12, 4], "texture": "#7"},
				"up": {"uv": [12, 3, 11, 4], "rotation": 180, "texture": "#7"},
				"down": {"uv": [11, 3, 12, 4], "texture": "#7"}
			}
		},
		{
			"name": "golden_carrot_15",
			"from": [12, 12, 7.5],
			"to": [13, 13, 8.5],
			"faces": {
				"north": {"uv": [12, 4, 13, 3], "rotation": 180, "texture": "#7"},
				"east": {"uv": [12, 3, 13, 4], "texture": "#7"},
				"south": {"uv": [12, 3, 13, 4], "texture": "#7"},
				"west": {"uv": [12, 3, 13, 4], "texture": "#7"},
				"up": {"uv": [13, 3, 12, 4], "rotation": 180, "texture": "#7"},
				"down": {"uv": [12, 3, 13, 4], "texture": "#7"}
			}
		},
		{
			"name": "golden_carrot_16",
			"from": [13, 12, 7.5],
			"to": [14, 13, 8.5],
			"faces": {
				"north": {"uv": [13, 4, 14, 3], "rotation": 180, "texture": "#7"},
				"east": {"uv": [13, 3, 14, 4], "texture": "#7"},
				"south": {"uv": [13, 3, 14, 4], "texture": "#7"},
				"west": {"uv": [13, 3, 14, 4], "texture": "#7"},
				"up": {"uv": [14, 3, 13, 4], "rotation": 180, "texture": "#7"},
				"down": {"uv": [13, 3, 14, 4], "texture": "#7"}
			}
		},
		{
			"name": "golden_carrot_17",
			"from": [6, 11, 7.5],
			"to": [7, 12, 8.5],
			"faces": {
				"north": {"uv": [6, 5, 7, 4], "rotation": 180, "texture": "#7"},
				"east": {"uv": [6, 4, 7, 5], "texture": "#7"},
				"south": {"uv": [6, 4, 7, 5], "texture": "#7"},
				"west": {"uv": [6, 4, 7, 5], "texture": "#7"},
				"up": {"uv": [7, 4, 6, 5], "rotation": 180, "texture": "#7"},
				"down": {"uv": [6, 4, 7, 5], "texture": "#7"}
			}
		},
		{
			"name": "golden_carrot_18",
			"from": [7, 11, 7.5],
			"to": [8, 12, 8.5],
			"faces": {
				"north": {"uv": [7, 5, 8, 4], "rotation": 180, "texture": "#7"},
				"east": {"uv": [7, 4, 8, 5], "texture": "#7"},
				"south": {"uv": [7, 4, 8, 5], "texture": "#7"},
				"west": {"uv": [7, 4, 8, 5], "texture": "#7"},
				"up": {"uv": [8, 4, 7, 5], "rotation": 180, "texture": "#7"},
				"down": {"uv": [7, 4, 8, 5], "texture": "#7"}
			}
		},
		{
			"name": "golden_carrot_19",
			"from": [8, 11, 7.5],
			"to": [9, 12, 8.5],
			"faces": {
				"north": {"uv": [8, 5, 9, 4], "rotation": 180, "texture": "#7"},
				"east": {"uv": [8, 4, 9, 5], "texture": "#7"},
				"south": {"uv": [8, 4, 9, 5], "texture": "#7"},
				"west": {"uv": [8, 4, 9, 5], "texture": "#7"},
				"up": {"uv": [9, 4, 8, 5], "rotation": 180, "texture": "#7"},
				"down": {"uv": [8, 4, 9, 5], "texture": "#7"}
			}
		},
		{
			"name": "golden_carrot_20",
			"from": [9, 11, 7.5],
			"to": [10, 12, 8.5],
			"faces": {
				"north": {"uv": [9, 5, 10, 4], "rotation": 180, "texture": "#7"},
				"east": {"uv": [9, 4, 10, 5], "texture": "#7"},
				"south": {"uv": [9, 4, 10, 5], "texture": "#7"},
				"west": {"uv": [9, 4, 10, 5], "texture": "#7"},
				"up": {"uv": [10, 4, 9, 5], "rotation": 180, "texture": "#7"},
				"down": {"uv": [9, 4, 10, 5], "texture": "#7"}
			}
		},
		{
			"name": "golden_carrot_21",
			"from": [10, 11, 7.5],
			"to": [11, 12, 8.5],
			"faces": {
				"north": {"uv": [10, 5, 11, 4], "rotation": 180, "texture": "#7"},
				"east": {"uv": [10, 4, 11, 5], "texture": "#7"},
				"south": {"uv": [10, 4, 11, 5], "texture": "#7"},
				"west": {"uv": [10, 4, 11, 5], "texture": "#7"},
				"up": {"uv": [11, 4, 10, 5], "rotation": 180, "texture": "#7"},
				"down": {"uv": [10, 4, 11, 5], "texture": "#7"}
			}
		},
		{
			"name": "golden_carrot_22",
			"from": [11, 11, 7.5],
			"to": [12, 12, 8.5],
			"faces": {
				"north": {"uv": [11, 5, 12, 4], "rotation": 180, "texture": "#7"},
				"east": {"uv": [11, 4, 12, 5], "texture": "#7"},
				"south": {"uv": [11, 4, 12, 5], "texture": "#7"},
				"west": {"uv": [11, 4, 12, 5], "texture": "#7"},
				"up": {"uv": [12, 4, 11, 5], "rotation": 180, "texture": "#7"},
				"down": {"uv": [11, 4, 12, 5], "texture": "#7"}
			}
		},
		{
			"name": "golden_carrot_23",
			"from": [12, 11, 7.5],
			"to": [13, 12, 8.5],
			"faces": {
				"north": {"uv": [12, 5, 13, 4], "rotation": 180, "texture": "#7"},
				"east": {"uv": [12, 4, 13, 5], "texture": "#7"},
				"south": {"uv": [12, 4, 13, 5], "texture": "#7"},
				"west": {"uv": [12, 4, 13, 5], "texture": "#7"},
				"up": {"uv": [13, 4, 12, 5], "rotation": 180, "texture": "#7"},
				"down": {"uv": [12, 4, 13, 5], "texture": "#7"}
			}
		},
		{
			"name": "golden_carrot_24",
			"from": [6, 10, 7.5],
			"to": [7, 11, 8.5],
			"faces": {
				"north": {"uv": [6, 6, 7, 5], "rotation": 180, "texture": "#7"},
				"east": {"uv": [6, 5, 7, 6], "texture": "#7"},
				"south": {"uv": [6, 5, 7, 6], "texture": "#7"},
				"west": {"uv": [6, 5, 7, 6], "texture": "#7"},
				"up": {"uv": [7, 5, 6, 6], "rotation": 180, "texture": "#7"},
				"down": {"uv": [6, 5, 7, 6], "texture": "#7"}
			}
		},
		{
			"name": "golden_carrot_25",
			"from": [7, 10, 7.5],
			"to": [8, 11, 8.5],
			"faces": {
				"north": {"uv": [7, 6, 8, 5], "rotation": 180, "texture": "#7"},
				"east": {"uv": [7, 5, 8, 6], "texture": "#7"},
				"south": {"uv": [7, 5, 8, 6], "texture": "#7"},
				"west": {"uv": [7, 5, 8, 6], "texture": "#7"},
				"up": {"uv": [8, 5, 7, 6], "rotation": 180, "texture": "#7"},
				"down": {"uv": [7, 5, 8, 6], "texture": "#7"}
			}
		},
		{
			"name": "golden_carrot_26",
			"from": [8, 10, 7.5],
			"to": [9, 11, 8.5],
			"faces": {
				"north": {"uv": [8, 6, 9, 5], "rotation": 180, "texture": "#7"},
				"east": {"uv": [8, 5, 9, 6], "texture": "#7"},
				"south": {"uv": [8, 5, 9, 6], "texture": "#7"},
				"west": {"uv": [8, 5, 9, 6], "texture": "#7"},
				"up": {"uv": [9, 5, 8, 6], "rotation": 180, "texture": "#7"},
				"down": {"uv": [8, 5, 9, 6], "texture": "#7"}
			}
		},
		{
			"name": "golden_carrot_27",
			"from": [9, 10, 7.5],
			"to": [10, 11, 8.5],
			"faces": {
				"north": {"uv": [9, 6, 10, 5], "rotation": 180, "texture": "#7"},
				"east": {"uv": [9, 5, 10, 6], "texture": "#7"},
				"south": {"uv": [9, 5, 10, 6], "texture": "#7"},
				"west": {"uv": [9, 5, 10, 6], "texture": "#7"},
				"up": {"uv": [10, 5, 9, 6], "rotation": 180, "texture": "#7"},
				"down": {"uv": [9, 5, 10, 6], "texture": "#7"}
			}
		},
		{
			"name": "golden_carrot_28",
			"from": [10, 10, 7.5],
			"to": [11, 11, 8.5],
			"faces": {
				"north": {"uv": [10, 6, 11, 5], "rotation": 180, "texture": "#7"},
				"east": {"uv": [10, 5, 11, 6], "texture": "#7"},
				"south": {"uv": [10, 5, 11, 6], "texture": "#7"},
				"west": {"uv": [10, 5, 11, 6], "texture": "#7"},
				"up": {"uv": [11, 5, 10, 6], "rotation": 180, "texture": "#7"},
				"down": {"uv": [10, 5, 11, 6], "texture": "#7"}
			}
		},
		{
			"name": "golden_carrot_29",
			"from": [11, 10, 7.5],
			"to": [12, 11, 8.5],
			"faces": {
				"north": {"uv": [11, 6, 12, 5], "rotation": 180, "texture": "#7"},
				"east": {"uv": [11, 5, 12, 6], "texture": "#7"},
				"south": {"uv": [11, 5, 12, 6], "texture": "#7"},
				"west": {"uv": [11, 5, 12, 6], "texture": "#7"},
				"up": {"uv": [12, 5, 11, 6], "rotation": 180, "texture": "#7"},
				"down": {"uv": [11, 5, 12, 6], "texture": "#7"}
			}
		},
		{
			"name": "golden_carrot_30",
			"from": [12, 10, 7.5],
			"to": [13, 11, 8.5],
			"faces": {
				"north": {"uv": [12, 6, 13, 5], "rotation": 180, "texture": "#7"},
				"east": {"uv": [12, 5, 13, 6], "texture": "#7"},
				"south": {"uv": [12, 5, 13, 6], "texture": "#7"},
				"west": {"uv": [12, 5, 13, 6], "texture": "#7"},
				"up": {"uv": [13, 5, 12, 6], "rotation": 180, "texture": "#7"},
				"down": {"uv": [12, 5, 13, 6], "texture": "#7"}
			}
		},
		{
			"name": "golden_carrot_31",
			"from": [13, 10, 7.5],
			"to": [14, 11, 8.5],
			"faces": {
				"north": {"uv": [13, 6, 14, 5], "rotation": 180, "texture": "#7"},
				"east": {"uv": [13, 5, 14, 6], "texture": "#7"},
				"south": {"uv": [13, 5, 14, 6], "texture": "#7"},
				"west": {"uv": [13, 5, 14, 6], "texture": "#7"},
				"up": {"uv": [14, 5, 13, 6], "rotation": 180, "texture": "#7"},
				"down": {"uv": [13, 5, 14, 6], "texture": "#7"}
			}
		},
		{
			"name": "golden_carrot_32",
			"from": [5, 9, 7.5],
			"to": [6, 10, 8.5],
			"faces": {
				"north": {"uv": [5, 7, 6, 6], "rotation": 180, "texture": "#7"},
				"east": {"uv": [5, 6, 6, 7], "texture": "#7"},
				"south": {"uv": [5, 6, 6, 7], "texture": "#7"},
				"west": {"uv": [5, 6, 6, 7], "texture": "#7"},
				"up": {"uv": [6, 6, 5, 7], "rotation": 180, "texture": "#7"},
				"down": {"uv": [5, 6, 6, 7], "texture": "#7"}
			}
		},
		{
			"name": "golden_carrot_33",
			"from": [6, 9, 7.5],
			"to": [7, 10, 8.5],
			"faces": {
				"north": {"uv": [6, 7, 7, 6], "rotation": 180, "texture": "#7"},
				"east": {"uv": [6, 6, 7, 7], "texture": "#7"},
				"south": {"uv": [6, 6, 7, 7], "texture": "#7"},
				"west": {"uv": [6, 6, 7, 7], "texture": "#7"},
				"up": {"uv": [7, 6, 6, 7], "rotation": 180, "texture": "#7"},
				"down": {"uv": [6, 6, 7, 7], "texture": "#7"}
			}
		},
		{
			"name": "golden_carrot_34",
			"from": [7, 9, 7.5],
			"to": [8, 10, 8.5],
			"faces": {
				"north": {"uv": [7, 7, 8, 6], "rotation": 180, "texture": "#7"},
				"east": {"uv": [7, 6, 8, 7], "texture": "#7"},
				"south": {"uv": [7, 6, 8, 7], "texture": "#7"},
				"west": {"uv": [7, 6, 8, 7], "texture": "#7"},
				"up": {"uv": [8, 6, 7, 7], "rotation": 180, "texture": "#7"},
				"down": {"uv": [7, 6, 8, 7], "texture": "#7"}
			}
		},
		{
			"name": "golden_carrot_35",
			"from": [8, 9, 7.5],
			"to": [9, 10, 8.5],
			"faces": {
				"north": {"uv": [8, 7, 9, 6], "rotation": 180, "texture": "#7"},
				"east": {"uv": [8, 6, 9, 7], "texture": "#7"},
				"south": {"uv": [8, 6, 9, 7], "texture": "#7"},
				"west": {"uv": [8, 6, 9, 7], "texture": "#7"},
				"up": {"uv": [9, 6, 8, 7], "rotation": 180, "texture": "#7"},
				"down": {"uv": [8, 6, 9, 7], "texture": "#7"}
			}
		},
		{
			"name": "golden_carrot_36",
			"from": [9, 9, 7.5],
			"to": [10, 10, 8.5],
			"faces": {
				"north": {"uv": [9, 7, 10, 6], "rotation": 180, "texture": "#7"},
				"east": {"uv": [9, 6, 10, 7], "texture": "#7"},
				"south": {"uv": [9, 6, 10, 7], "texture": "#7"},
				"west": {"uv": [9, 6, 10, 7], "texture": "#7"},
				"up": {"uv": [10, 6, 9, 7], "rotation": 180, "texture": "#7"},
				"down": {"uv": [9, 6, 10, 7], "texture": "#7"}
			}
		},
		{
			"name": "golden_carrot_37",
			"from": [10, 9, 7.5],
			"to": [11, 10, 8.5],
			"faces": {
				"north": {"uv": [10, 7, 11, 6], "rotation": 180, "texture": "#7"},
				"east": {"uv": [10, 6, 11, 7], "texture": "#7"},
				"south": {"uv": [10, 6, 11, 7], "texture": "#7"},
				"west": {"uv": [10, 6, 11, 7], "texture": "#7"},
				"up": {"uv": [11, 6, 10, 7], "rotation": 180, "texture": "#7"},
				"down": {"uv": [10, 6, 11, 7], "texture": "#7"}
			}
		},
		{
			"name": "golden_carrot_38",
			"from": [11, 9, 7.5],
			"to": [12, 10, 8.5],
			"faces": {
				"north": {"uv": [11, 7, 12, 6], "rotation": 180, "texture": "#7"},
				"east": {"uv": [11, 6, 12, 7], "texture": "#7"},
				"south": {"uv": [11, 6, 12, 7], "texture": "#7"},
				"west": {"uv": [11, 6, 12, 7], "texture": "#7"},
				"up": {"uv": [12, 6, 11, 7], "rotation": 180, "texture": "#7"},
				"down": {"uv": [11, 6, 12, 7], "texture": "#7"}
			}
		},
		{
			"name": "golden_carrot_39",
			"from": [12, 9, 7.5],
			"to": [13, 10, 8.5],
			"faces": {
				"north": {"uv": [12, 7, 13, 6], "rotation": 180, "texture": "#7"},
				"east": {"uv": [12, 6, 13, 7], "texture": "#7"},
				"south": {"uv": [12, 6, 13, 7], "texture": "#7"},
				"west": {"uv": [12, 6, 13, 7], "texture": "#7"},
				"up": {"uv": [13, 6, 12, 7], "rotation": 180, "texture": "#7"},
				"down": {"uv": [12, 6, 13, 7], "texture": "#7"}
			}
		},
		{
			"name": "golden_carrot_40",
			"from": [13, 9, 7.5],
			"to": [14, 10, 8.5],
			"faces": {
				"north": {"uv": [13, 7, 14, 6], "rotation": 180, "texture": "#7"},
				"east": {"uv": [13, 6, 14, 7], "texture": "#7"},
				"south": {"uv": [13, 6, 14, 7], "texture": "#7"},
				"west": {"uv": [13, 6, 14, 7], "texture": "#7"},
				"up": {"uv": [14, 6, 13, 7], "rotation": 180, "texture": "#7"},
				"down": {"uv": [13, 6, 14, 7], "texture": "#7"}
			}
		},
		{
			"name": "golden_carrot_41",
			"from": [14, 9, 7.5],
			"to": [15, 10, 8.5],
			"faces": {
				"north": {"uv": [14, 7, 15, 6], "rotation": 180, "texture": "#7"},
				"east": {"uv": [14, 6, 15, 7], "texture": "#7"},
				"south": {"uv": [14, 6, 15, 7], "texture": "#7"},
				"west": {"uv": [14, 6, 15, 7], "texture": "#7"},
				"up": {"uv": [15, 6, 14, 7], "rotation": 180, "texture": "#7"},
				"down": {"uv": [14, 6, 15, 7], "texture": "#7"}
			}
		},
		{
			"name": "golden_carrot_42",
			"from": [5, 8, 7.5],
			"to": [6, 9, 8.5],
			"faces": {
				"north": {"uv": [5, 8, 6, 7], "rotation": 180, "texture": "#7"},
				"east": {"uv": [5, 7, 6, 8], "texture": "#7"},
				"south": {"uv": [5, 7, 6, 8], "texture": "#7"},
				"west": {"uv": [5, 7, 6, 8], "texture": "#7"},
				"up": {"uv": [6, 7, 5, 8], "rotation": 180, "texture": "#7"},
				"down": {"uv": [5, 7, 6, 8], "texture": "#7"}
			}
		},
		{
			"name": "golden_carrot_43",
			"from": [6, 8, 7.5],
			"to": [7, 9, 8.5],
			"faces": {
				"north": {"uv": [6, 8, 7, 7], "rotation": 180, "texture": "#7"},
				"east": {"uv": [6, 7, 7, 8], "texture": "#7"},
				"south": {"uv": [6, 7, 7, 8], "texture": "#7"},
				"west": {"uv": [6, 7, 7, 8], "texture": "#7"},
				"up": {"uv": [7, 7, 6, 8], "rotation": 180, "texture": "#7"},
				"down": {"uv": [6, 7, 7, 8], "texture": "#7"}
			}
		},
		{
			"name": "golden_carrot_44",
			"from": [7, 8, 7.5],
			"to": [8, 9, 8.5],
			"faces": {
				"north": {"uv": [7, 8, 8, 7], "rotation": 180, "texture": "#7"},
				"east": {"uv": [7, 7, 8, 8], "texture": "#7"},
				"south": {"uv": [7, 7, 8, 8], "texture": "#7"},
				"west": {"uv": [7, 7, 8, 8], "texture": "#7"},
				"up": {"uv": [8, 7, 7, 8], "rotation": 180, "texture": "#7"},
				"down": {"uv": [7, 7, 8, 8], "texture": "#7"}
			}
		},
		{
			"name": "golden_carrot_45",
			"from": [8, 8, 7.5],
			"to": [9, 9, 8.5],
			"faces": {
				"north": {"uv": [8, 8, 9, 7], "rotation": 180, "texture": "#7"},
				"east": {"uv": [8, 7, 9, 8], "texture": "#7"},
				"south": {"uv": [8, 7, 9, 8], "texture": "#7"},
				"west": {"uv": [8, 7, 9, 8], "texture": "#7"},
				"up": {"uv": [9, 7, 8, 8], "rotation": 180, "texture": "#7"},
				"down": {"uv": [8, 7, 9, 8], "texture": "#7"}
			}
		},
		{
			"name": "golden_carrot_46",
			"from": [9, 8, 7.5],
			"to": [10, 9, 8.5],
			"faces": {
				"north": {"uv": [9, 8, 10, 7], "rotation": 180, "texture": "#7"},
				"east": {"uv": [9, 7, 10, 8], "texture": "#7"},
				"south": {"uv": [9, 7, 10, 8], "texture": "#7"},
				"west": {"uv": [9, 7, 10, 8], "texture": "#7"},
				"up": {"uv": [10, 7, 9, 8], "rotation": 180, "texture": "#7"},
				"down": {"uv": [9, 7, 10, 8], "texture": "#7"}
			}
		},
		{
			"name": "golden_carrot_47",
			"from": [10, 8, 7.5],
			"to": [11, 9, 8.5],
			"faces": {
				"north": {"uv": [10, 8, 11, 7], "rotation": 180, "texture": "#7"},
				"east": {"uv": [10, 7, 11, 8], "texture": "#7"},
				"south": {"uv": [10, 7, 11, 8], "texture": "#7"},
				"west": {"uv": [10, 7, 11, 8], "texture": "#7"},
				"up": {"uv": [11, 7, 10, 8], "rotation": 180, "texture": "#7"},
				"down": {"uv": [10, 7, 11, 8], "texture": "#7"}
			}
		},
		{
			"name": "golden_carrot_48",
			"from": [11, 8, 7.5],
			"to": [12, 9, 8.5],
			"faces": {
				"north": {"uv": [11, 8, 12, 7], "rotation": 180, "texture": "#7"},
				"east": {"uv": [11, 7, 12, 8], "texture": "#7"},
				"south": {"uv": [11, 7, 12, 8], "texture": "#7"},
				"west": {"uv": [11, 7, 12, 8], "texture": "#7"},
				"up": {"uv": [12, 7, 11, 8], "rotation": 180, "texture": "#7"},
				"down": {"uv": [11, 7, 12, 8], "texture": "#7"}
			}
		},
		{
			"name": "golden_carrot_49",
			"from": [12, 8, 7.5],
			"to": [13, 9, 8.5],
			"faces": {
				"north": {"uv": [12, 8, 13, 7], "rotation": 180, "texture": "#7"},
				"east": {"uv": [12, 7, 13, 8], "texture": "#7"},
				"south": {"uv": [12, 7, 13, 8], "texture": "#7"},
				"west": {"uv": [12, 7, 13, 8], "texture": "#7"},
				"up": {"uv": [13, 7, 12, 8], "rotation": 180, "texture": "#7"},
				"down": {"uv": [12, 7, 13, 8], "texture": "#7"}
			}
		},
		{
			"name": "golden_carrot_50",
			"from": [13, 8, 7.5],
			"to": [14, 9, 8.5],
			"faces": {
				"north": {"uv": [13, 8, 14, 7], "rotation": 180, "texture": "#7"},
				"east": {"uv": [13, 7, 14, 8], "texture": "#7"},
				"south": {"uv": [13, 7, 14, 8], "texture": "#7"},
				"west": {"uv": [13, 7, 14, 8], "texture": "#7"},
				"up": {"uv": [14, 7, 13, 8], "rotation": 180, "texture": "#7"},
				"down": {"uv": [13, 7, 14, 8], "texture": "#7"}
			}
		},
		{
			"name": "golden_carrot_51",
			"from": [14, 8, 7.5],
			"to": [15, 9, 8.5],
			"faces": {
				"north": {"uv": [14, 8, 15, 7], "rotation": 180, "texture": "#7"},
				"east": {"uv": [14, 7, 15, 8], "texture": "#7"},
				"south": {"uv": [14, 7, 15, 8], "texture": "#7"},
				"west": {"uv": [14, 7, 15, 8], "texture": "#7"},
				"up": {"uv": [15, 7, 14, 8], "rotation": 180, "texture": "#7"},
				"down": {"uv": [14, 7, 15, 8], "texture": "#7"}
			}
		},
		{
			"name": "golden_carrot_52",
			"from": [15, 8, 7.5],
			"to": [16, 9, 8.5],
			"faces": {
				"north": {"uv": [15, 8, 16, 7], "rotation": 180, "texture": "#7"},
				"east": {"uv": [15, 7, 16, 8], "texture": "#7"},
				"south": {"uv": [15, 7, 16, 8], "texture": "#7"},
				"west": {"uv": [15, 7, 16, 8], "texture": "#7"},
				"up": {"uv": [16, 7, 15, 8], "rotation": 180, "texture": "#7"},
				"down": {"uv": [15, 7, 16, 8], "texture": "#7"}
			}
		},
		{
			"name": "golden_carrot_53",
			"from": [4, 7, 7.5],
			"to": [5, 8, 8.5],
			"faces": {
				"north": {"uv": [4, 9, 5, 8], "rotation": 180, "texture": "#7"},
				"east": {"uv": [4, 8, 5, 9], "texture": "#7"},
				"south": {"uv": [4, 8, 5, 9], "texture": "#7"},
				"west": {"uv": [4, 8, 5, 9], "texture": "#7"},
				"up": {"uv": [5, 8, 4, 9], "rotation": 180, "texture": "#7"},
				"down": {"uv": [4, 8, 5, 9], "texture": "#7"}
			}
		},
		{
			"name": "golden_carrot_54",
			"from": [5, 7, 7.5],
			"to": [6, 8, 8.5],
			"faces": {
				"north": {"uv": [5, 9, 6, 8], "rotation": 180, "texture": "#7"},
				"east": {"uv": [5, 8, 6, 9], "texture": "#7"},
				"south": {"uv": [5, 8, 6, 9], "texture": "#7"},
				"west": {"uv": [5, 8, 6, 9], "texture": "#7"},
				"up": {"uv": [6, 8, 5, 9], "rotation": 180, "texture": "#7"},
				"down": {"uv": [5, 8, 6, 9], "texture": "#7"}
			}
		},
		{
			"name": "golden_carrot_55",
			"from": [6, 7, 7.5],
			"to": [7, 8, 8.5],
			"faces": {
				"north": {"uv": [6, 9, 7, 8], "rotation": 180, "texture": "#7"},
				"east": {"uv": [6, 8, 7, 9], "texture": "#7"},
				"south": {"uv": [6, 8, 7, 9], "texture": "#7"},
				"west": {"uv": [6, 8, 7, 9], "texture": "#7"},
				"up": {"uv": [7, 8, 6, 9], "rotation": 180, "texture": "#7"},
				"down": {"uv": [6, 8, 7, 9], "texture": "#7"}
			}
		},
		{
			"name": "golden_carrot_56",
			"from": [7, 7, 7.5],
			"to": [8, 8, 8.5],
			"faces": {
				"north": {"uv": [7, 9, 8, 8], "rotation": 180, "texture": "#7"},
				"east": {"uv": [7, 8, 8, 9], "texture": "#7"},
				"south": {"uv": [7, 8, 8, 9], "texture": "#7"},
				"west": {"uv": [7, 8, 8, 9], "texture": "#7"},
				"up": {"uv": [8, 8, 7, 9], "rotation": 180, "texture": "#7"},
				"down": {"uv": [7, 8, 8, 9], "texture": "#7"}
			}
		},
		{
			"name": "golden_carrot_57",
			"from": [8, 7, 7.5],
			"to": [9, 8, 8.5],
			"faces": {
				"north": {"uv": [8, 9, 9, 8], "rotation": 180, "texture": "#7"},
				"east": {"uv": [8, 8, 9, 9], "texture": "#7"},
				"south": {"uv": [8, 8, 9, 9], "texture": "#7"},
				"west": {"uv": [8, 8, 9, 9], "texture": "#7"},
				"up": {"uv": [9, 8, 8, 9], "rotation": 180, "texture": "#7"},
				"down": {"uv": [8, 8, 9, 9], "texture": "#7"}
			}
		},
		{
			"name": "golden_carrot_58",
			"from": [9, 7, 7.5],
			"to": [10, 8, 8.5],
			"faces": {
				"north": {"uv": [9, 9, 10, 8], "rotation": 180, "texture": "#7"},
				"east": {"uv": [9, 8, 10, 9], "texture": "#7"},
				"south": {"uv": [9, 8, 10, 9], "texture": "#7"},
				"west": {"uv": [9, 8, 10, 9], "texture": "#7"},
				"up": {"uv": [10, 8, 9, 9], "rotation": 180, "texture": "#7"},
				"down": {"uv": [9, 8, 10, 9], "texture": "#7"}
			}
		},
		{
			"name": "golden_carrot_59",
			"from": [10, 7, 7.5],
			"to": [11, 8, 8.5],
			"faces": {
				"north": {"uv": [10, 9, 11, 8], "rotation": 180, "texture": "#7"},
				"east": {"uv": [10, 8, 11, 9], "texture": "#7"},
				"south": {"uv": [10, 8, 11, 9], "texture": "#7"},
				"west": {"uv": [10, 8, 11, 9], "texture": "#7"},
				"up": {"uv": [11, 8, 10, 9], "rotation": 180, "texture": "#7"},
				"down": {"uv": [10, 8, 11, 9], "texture": "#7"}
			}
		},
		{
			"name": "golden_carrot_60",
			"from": [11, 7, 7.5],
			"to": [12, 8, 8.5],
			"faces": {
				"north": {"uv": [11, 9, 12, 8], "rotation": 180, "texture": "#7"},
				"east": {"uv": [11, 8, 12, 9], "texture": "#7"},
				"south": {"uv": [11, 8, 12, 9], "texture": "#7"},
				"west": {"uv": [11, 8, 12, 9], "texture": "#7"},
				"up": {"uv": [12, 8, 11, 9], "rotation": 180, "texture": "#7"},
				"down": {"uv": [11, 8, 12, 9], "texture": "#7"}
			}
		},
		{
			"name": "golden_carrot_61",
			"from": [12, 7, 7.5],
			"to": [13, 8, 8.5],
			"faces": {
				"north": {"uv": [12, 9, 13, 8], "rotation": 180, "texture": "#7"},
				"east": {"uv": [12, 8, 13, 9], "texture": "#7"},
				"south": {"uv": [12, 8, 13, 9], "texture": "#7"},
				"west": {"uv": [12, 8, 13, 9], "texture": "#7"},
				"up": {"uv": [13, 8, 12, 9], "rotation": 180, "texture": "#7"},
				"down": {"uv": [12, 8, 13, 9], "texture": "#7"}
			}
		},
		{
			"name": "golden_carrot_62",
			"from": [13, 7, 7.5],
			"to": [14, 8, 8.5],
			"faces": {
				"north": {"uv": [13, 9, 14, 8], "rotation": 180, "texture": "#7"},
				"east": {"uv": [13, 8, 14, 9], "texture": "#7"},
				"south": {"uv": [13, 8, 14, 9], "texture": "#7"},
				"west": {"uv": [13, 8, 14, 9], "texture": "#7"},
				"up": {"uv": [14, 8, 13, 9], "rotation": 180, "texture": "#7"},
				"down": {"uv": [13, 8, 14, 9], "texture": "#7"}
			}
		},
		{
			"name": "golden_carrot_63",
			"from": [4, 6, 7.5],
			"to": [5, 7, 8.5],
			"faces": {
				"north": {"uv": [4, 10, 5, 9], "rotation": 180, "texture": "#7"},
				"east": {"uv": [4, 9, 5, 10], "texture": "#7"},
				"south": {"uv": [4, 9, 5, 10], "texture": "#7"},
				"west": {"uv": [4, 9, 5, 10], "texture": "#7"},
				"up": {"uv": [5, 9, 4, 10], "rotation": 180, "texture": "#7"},
				"down": {"uv": [4, 9, 5, 10], "texture": "#7"}
			}
		},
		{
			"name": "golden_carrot_64",
			"from": [5, 6, 7.5],
			"to": [6, 7, 8.5],
			"faces": {
				"north": {"uv": [5, 10, 6, 9], "rotation": 180, "texture": "#7"},
				"east": {"uv": [5, 9, 6, 10], "texture": "#7"},
				"south": {"uv": [5, 9, 6, 10], "texture": "#7"},
				"west": {"uv": [5, 9, 6, 10], "texture": "#7"},
				"up": {"uv": [6, 9, 5, 10], "rotation": 180, "texture": "#7"},
				"down": {"uv": [5, 9, 6, 10], "texture": "#7"}
			}
		},
		{
			"name": "golden_carrot_65",
			"from": [6, 6, 7.5],
			"to": [7, 7, 8.5],
			"faces": {
				"north": {"uv": [6, 10, 7, 9], "rotation": 180, "texture": "#7"},
				"east": {"uv": [6, 9, 7, 10], "texture": "#7"},
				"south": {"uv": [6, 9, 7, 10], "texture": "#7"},
				"west": {"uv": [6, 9, 7, 10], "texture": "#7"},
				"up": {"uv": [7, 9, 6, 10], "rotation": 180, "texture": "#7"},
				"down": {"uv": [6, 9, 7, 10], "texture": "#7"}
			}
		},
		{
			"name": "golden_carrot_66",
			"from": [7, 6, 7.5],
			"to": [8, 7, 8.5],
			"faces": {
				"north": {"uv": [7, 10, 8, 9], "rotation": 180, "texture": "#7"},
				"east": {"uv": [7, 9, 8, 10], "texture": "#7"},
				"south": {"uv": [7, 9, 8, 10], "texture": "#7"},
				"west": {"uv": [7, 9, 8, 10], "texture": "#7"},
				"up": {"uv": [8, 9, 7, 10], "rotation": 180, "texture": "#7"},
				"down": {"uv": [7, 9, 8, 10], "texture": "#7"}
			}
		},
		{
			"name": "golden_carrot_67",
			"from": [8, 6, 7.5],
			"to": [9, 7, 8.5],
			"faces": {
				"north": {"uv": [8, 10, 9, 9], "rotation": 180, "texture": "#7"},
				"east": {"uv": [8, 9, 9, 10], "texture": "#7"},
				"south": {"uv": [8, 9, 9, 10], "texture": "#7"},
				"west": {"uv": [8, 9, 9, 10], "texture": "#7"},
				"up": {"uv": [9, 9, 8, 10], "rotation": 180, "texture": "#7"},
				"down": {"uv": [8, 9, 9, 10], "texture": "#7"}
			}
		},
		{
			"name": "golden_carrot_68",
			"from": [9, 6, 7.5],
			"to": [10, 7, 8.5],
			"faces": {
				"north": {"uv": [9, 10, 10, 9], "rotation": 180, "texture": "#7"},
				"east": {"uv": [9, 9, 10, 10], "texture": "#7"},
				"south": {"uv": [9, 9, 10, 10], "texture": "#7"},
				"west": {"uv": [9, 9, 10, 10], "texture": "#7"},
				"up": {"uv": [10, 9, 9, 10], "rotation": 180, "texture": "#7"},
				"down": {"uv": [9, 9, 10, 10], "texture": "#7"}
			}
		},
		{
			"name": "golden_carrot_69",
			"from": [10, 6, 7.5],
			"to": [11, 7, 8.5],
			"faces": {
				"north": {"uv": [10, 10, 11, 9], "rotation": 180, "texture": "#7"},
				"east": {"uv": [10, 9, 11, 10], "texture": "#7"},
				"south": {"uv": [10, 9, 11, 10], "texture": "#7"},
				"west": {"uv": [10, 9, 11, 10], "texture": "#7"},
				"up": {"uv": [11, 9, 10, 10], "rotation": 180, "texture": "#7"},
				"down": {"uv": [10, 9, 11, 10], "texture": "#7"}
			}
		},
		{
			"name": "golden_carrot_70",
			"from": [11, 6, 7.5],
			"to": [12, 7, 8.5],
			"faces": {
				"north": {"uv": [11, 10, 12, 9], "rotation": 180, "texture": "#7"},
				"east": {"uv": [11, 9, 12, 10], "texture": "#7"},
				"south": {"uv": [11, 9, 12, 10], "texture": "#7"},
				"west": {"uv": [11, 9, 12, 10], "texture": "#7"},
				"up": {"uv": [12, 9, 11, 10], "rotation": 180, "texture": "#7"},
				"down": {"uv": [11, 9, 12, 10], "texture": "#7"}
			}
		},
		{
			"name": "golden_carrot_71",
			"from": [13, 6, 7.5],
			"to": [14, 7, 8.5],
			"faces": {
				"north": {"uv": [13, 10, 14, 9], "rotation": 180, "texture": "#7"},
				"east": {"uv": [13, 9, 14, 10], "texture": "#7"},
				"south": {"uv": [13, 9, 14, 10], "texture": "#7"},
				"west": {"uv": [13, 9, 14, 10], "texture": "#7"},
				"up": {"uv": [14, 9, 13, 10], "rotation": 180, "texture": "#7"},
				"down": {"uv": [13, 9, 14, 10], "texture": "#7"}
			}
		},
		{
			"name": "golden_carrot_72",
			"from": [3, 5, 7.5],
			"to": [4, 6, 8.5],
			"faces": {
				"north": {"uv": [3, 11, 4, 10], "rotation": 180, "texture": "#7"},
				"east": {"uv": [3, 10, 4, 11], "texture": "#7"},
				"south": {"uv": [3, 10, 4, 11], "texture": "#7"},
				"west": {"uv": [3, 10, 4, 11], "texture": "#7"},
				"up": {"uv": [4, 10, 3, 11], "rotation": 180, "texture": "#7"},
				"down": {"uv": [3, 10, 4, 11], "texture": "#7"}
			}
		},
		{
			"name": "golden_carrot_73",
			"from": [4, 5, 7.5],
			"to": [5, 6, 8.5],
			"faces": {
				"north": {"uv": [4, 11, 5, 10], "rotation": 180, "texture": "#7"},
				"east": {"uv": [4, 10, 5, 11], "texture": "#7"},
				"south": {"uv": [4, 10, 5, 11], "texture": "#7"},
				"west": {"uv": [4, 10, 5, 11], "texture": "#7"},
				"up": {"uv": [5, 10, 4, 11], "rotation": 180, "texture": "#7"},
				"down": {"uv": [4, 10, 5, 11], "texture": "#7"}
			}
		},
		{
			"name": "golden_carrot_74",
			"from": [5, 5, 7.5],
			"to": [6, 6, 8.5],
			"faces": {
				"north": {"uv": [5, 11, 6, 10], "rotation": 180, "texture": "#7"},
				"east": {"uv": [5, 10, 6, 11], "texture": "#7"},
				"south": {"uv": [5, 10, 6, 11], "texture": "#7"},
				"west": {"uv": [5, 10, 6, 11], "texture": "#7"},
				"up": {"uv": [6, 10, 5, 11], "rotation": 180, "texture": "#7"},
				"down": {"uv": [5, 10, 6, 11], "texture": "#7"}
			}
		},
		{
			"name": "golden_carrot_75",
			"from": [6, 5, 7.5],
			"to": [7, 6, 8.5],
			"faces": {
				"north": {"uv": [6, 11, 7, 10], "rotation": 180, "texture": "#7"},
				"east": {"uv": [6, 10, 7, 11], "texture": "#7"},
				"south": {"uv": [6, 10, 7, 11], "texture": "#7"},
				"west": {"uv": [6, 10, 7, 11], "texture": "#7"},
				"up": {"uv": [7, 10, 6, 11], "rotation": 180, "texture": "#7"},
				"down": {"uv": [6, 10, 7, 11], "texture": "#7"}
			}
		},
		{
			"name": "golden_carrot_76",
			"from": [7, 5, 7.5],
			"to": [8, 6, 8.5],
			"faces": {
				"north": {"uv": [7, 11, 8, 10], "rotation": 180, "texture": "#7"},
				"east": {"uv": [7, 10, 8, 11], "texture": "#7"},
				"south": {"uv": [7, 10, 8, 11], "texture": "#7"},
				"west": {"uv": [7, 10, 8, 11], "texture": "#7"},
				"up": {"uv": [8, 10, 7, 11], "rotation": 180, "texture": "#7"},
				"down": {"uv": [7, 10, 8, 11], "texture": "#7"}
			}
		},
		{
			"name": "golden_carrot_77",
			"from": [8, 5, 7.5],
			"to": [9, 6, 8.5],
			"faces": {
				"north": {"uv": [8, 11, 9, 10], "rotation": 180, "texture": "#7"},
				"east": {"uv": [8, 10, 9, 11], "texture": "#7"},
				"south": {"uv": [8, 10, 9, 11], "texture": "#7"},
				"west": {"uv": [8, 10, 9, 11], "texture": "#7"},
				"up": {"uv": [9, 10, 8, 11], "rotation": 180, "texture": "#7"},
				"down": {"uv": [8, 10, 9, 11], "texture": "#7"}
			}
		},
		{
			"name": "golden_carrot_78",
			"from": [9, 5, 7.5],
			"to": [10, 6, 8.5],
			"faces": {
				"north": {"uv": [9, 11, 10, 10], "rotation": 180, "texture": "#7"},
				"east": {"uv": [9, 10, 10, 11], "texture": "#7"},
				"south": {"uv": [9, 10, 10, 11], "texture": "#7"},
				"west": {"uv": [9, 10, 10, 11], "texture": "#7"},
				"up": {"uv": [10, 10, 9, 11], "rotation": 180, "texture": "#7"},
				"down": {"uv": [9, 10, 10, 11], "texture": "#7"}
			}
		},
		{
			"name": "golden_carrot_79",
			"from": [3, 4, 7.5],
			"to": [4, 5, 8.5],
			"faces": {
				"north": {"uv": [3, 12, 4, 11], "rotation": 180, "texture": "#7"},
				"east": {"uv": [3, 11, 4, 12], "texture": "#7"},
				"south": {"uv": [3, 11, 4, 12], "texture": "#7"},
				"west": {"uv": [3, 11, 4, 12], "texture": "#7"},
				"up": {"uv": [4, 11, 3, 12], "rotation": 180, "texture": "#7"},
				"down": {"uv": [3, 11, 4, 12], "texture": "#7"}
			}
		},
		{
			"name": "golden_carrot_80",
			"from": [4, 4, 7.5],
			"to": [5, 5, 8.5],
			"faces": {
				"north": {"uv": [4, 12, 5, 11], "rotation": 180, "texture": "#7"},
				"east": {"uv": [4, 11, 5, 12], "texture": "#7"},
				"south": {"uv": [4, 11, 5, 12], "texture": "#7"},
				"west": {"uv": [4, 11, 5, 12], "texture": "#7"},
				"up": {"uv": [5, 11, 4, 12], "rotation": 180, "texture": "#7"},
				"down": {"uv": [4, 11, 5, 12], "texture": "#7"}
			}
		},
		{
			"name": "golden_carrot_81",
			"from": [5, 4, 7.5],
			"to": [6, 5, 8.5],
			"faces": {
				"north": {"uv": [5, 12, 6, 11], "rotation": 180, "texture": "#7"},
				"east": {"uv": [5, 11, 6, 12], "texture": "#7"},
				"south": {"uv": [5, 11, 6, 12], "texture": "#7"},
				"west": {"uv": [5, 11, 6, 12], "texture": "#7"},
				"up": {"uv": [6, 11, 5, 12], "rotation": 180, "texture": "#7"},
				"down": {"uv": [5, 11, 6, 12], "texture": "#7"}
			}
		},
		{
			"name": "golden_carrot_82",
			"from": [6, 4, 7.5],
			"to": [7, 5, 8.5],
			"faces": {
				"north": {"uv": [6, 12, 7, 11], "rotation": 180, "texture": "#7"},
				"east": {"uv": [6, 11, 7, 12], "texture": "#7"},
				"south": {"uv": [6, 11, 7, 12], "texture": "#7"},
				"west": {"uv": [6, 11, 7, 12], "texture": "#7"},
				"up": {"uv": [7, 11, 6, 12], "rotation": 180, "texture": "#7"},
				"down": {"uv": [6, 11, 7, 12], "texture": "#7"}
			}
		},
		{
			"name": "golden_carrot_83",
			"from": [7, 4, 7.5],
			"to": [8, 5, 8.5],
			"faces": {
				"north": {"uv": [7, 12, 8, 11], "rotation": 180, "texture": "#7"},
				"east": {"uv": [7, 11, 8, 12], "texture": "#7"},
				"south": {"uv": [7, 11, 8, 12], "texture": "#7"},
				"west": {"uv": [7, 11, 8, 12], "texture": "#7"},
				"up": {"uv": [8, 11, 7, 12], "rotation": 180, "texture": "#7"},
				"down": {"uv": [7, 11, 8, 12], "texture": "#7"}
			}
		},
		{
			"name": "golden_carrot_84",
			"from": [8, 4, 7.5],
			"to": [9, 5, 8.5],
			"faces": {
				"north": {"uv": [8, 12, 9, 11], "rotation": 180, "texture": "#7"},
				"east": {"uv": [8, 11, 9, 12], "texture": "#7"},
				"south": {"uv": [8, 11, 9, 12], "texture": "#7"},
				"west": {"uv": [8, 11, 9, 12], "texture": "#7"},
				"up": {"uv": [9, 11, 8, 12], "rotation": 180, "texture": "#7"},
				"down": {"uv": [8, 11, 9, 12], "texture": "#7"}
			}
		},
		{
			"name": "golden_carrot_85",
			"from": [2, 3, 7.5],
			"to": [3, 4, 8.5],
			"faces": {
				"north": {"uv": [2, 13, 3, 12], "rotation": 180, "texture": "#7"},
				"east": {"uv": [2, 12, 3, 13], "texture": "#7"},
				"south": {"uv": [2, 12, 3, 13], "texture": "#7"},
				"west": {"uv": [2, 12, 3, 13], "texture": "#7"},
				"up": {"uv": [3, 12, 2, 13], "rotation": 180, "texture": "#7"},
				"down": {"uv": [2, 12, 3, 13], "texture": "#7"}
			}
		},
		{
			"name": "golden_carrot_86",
			"from": [3, 3, 7.5],
			"to": [4, 4, 8.5],
			"faces": {
				"north": {"uv": [3, 13, 4, 12], "rotation": 180, "texture": "#7"},
				"east": {"uv": [3, 12, 4, 13], "texture": "#7"},
				"south": {"uv": [3, 12, 4, 13], "texture": "#7"},
				"west": {"uv": [3, 12, 4, 13], "texture": "#7"},
				"up": {"uv": [4, 12, 3, 13], "rotation": 180, "texture": "#7"},
				"down": {"uv": [3, 12, 4, 13], "texture": "#7"}
			}
		},
		{
			"name": "golden_carrot_87",
			"from": [4, 3, 7.5],
			"to": [5, 4, 8.5],
			"faces": {
				"north": {"uv": [4, 13, 5, 12], "rotation": 180, "texture": "#7"},
				"east": {"uv": [4, 12, 5, 13], "texture": "#7"},
				"south": {"uv": [4, 12, 5, 13], "texture": "#7"},
				"west": {"uv": [4, 12, 5, 13], "texture": "#7"},
				"up": {"uv": [5, 12, 4, 13], "rotation": 180, "texture": "#7"},
				"down": {"uv": [4, 12, 5, 13], "texture": "#7"}
			}
		},
		{
			"name": "golden_carrot_88",
			"from": [5, 3, 7.5],
			"to": [6, 4, 8.5],
			"faces": {
				"north": {"uv": [5, 13, 6, 12], "rotation": 180, "texture": "#7"},
				"east": {"uv": [5, 12, 6, 13], "texture": "#7"},
				"south": {"uv": [5, 12, 6, 13], "texture": "#7"},
				"west": {"uv": [5, 12, 6, 13], "texture": "#7"},
				"up": {"uv": [6, 12, 5, 13], "rotation": 180, "texture": "#7"},
				"down": {"uv": [5, 12, 6, 13], "texture": "#7"}
			}
		},
		{
			"name": "golden_carrot_89",
			"from": [6, 3, 7.5],
			"to": [7, 4, 8.5],
			"faces": {
				"north": {"uv": [6, 13, 7, 12], "rotation": 180, "texture": "#7"},
				"east": {"uv": [6, 12, 7, 13], "texture": "#7"},
				"south": {"uv": [6, 12, 7, 13], "texture": "#7"},
				"west": {"uv": [6, 12, 7, 13], "texture": "#7"},
				"up": {"uv": [7, 12, 6, 13], "rotation": 180, "texture": "#7"},
				"down": {"uv": [6, 12, 7, 13], "texture": "#7"}
			}
		},
		{
			"name": "golden_carrot_90",
			"from": [2, 2, 7.5],
			"to": [3, 3, 8.5],
			"faces": {
				"north": {"uv": [2, 14, 3, 13], "rotation": 180, "texture": "#7"},
				"east": {"uv": [2, 13, 3, 14], "texture": "#7"},
				"south": {"uv": [2, 13, 3, 14], "texture": "#7"},
				"west": {"uv": [2, 13, 3, 14], "texture": "#7"},
				"up": {"uv": [3, 13, 2, 14], "rotation": 180, "texture": "#7"},
				"down": {"uv": [2, 13, 3, 14], "texture": "#7"}
			}
		},
		{
			"name": "golden_carrot_91",
			"from": [3, 2, 7.5],
			"to": [4, 3, 8.5],
			"faces": {
				"north": {"uv": [3, 14, 4, 13], "rotation": 180, "texture": "#7"},
				"east": {"uv": [3, 13, 4, 14], "texture": "#7"},
				"south": {"uv": [3, 13, 4, 14], "texture": "#7"},
				"west": {"uv": [3, 13, 4, 14], "texture": "#7"},
				"up": {"uv": [4, 13, 3, 14], "rotation": 180, "texture": "#7"},
				"down": {"uv": [3, 13, 4, 14], "texture": "#7"}
			}
		},
		{
			"name": "golden_carrot_92",
			"from": [4, 2, 7.5],
			"to": [5, 3, 8.5],
			"faces": {
				"north": {"uv": [4, 14, 5, 13], "rotation": 180, "texture": "#7"},
				"east": {"uv": [4, 13, 5, 14], "texture": "#7"},
				"south": {"uv": [4, 13, 5, 14], "texture": "#7"},
				"west": {"uv": [4, 13, 5, 14], "texture": "#7"},
				"up": {"uv": [5, 13, 4, 14], "rotation": 180, "texture": "#7"},
				"down": {"uv": [4, 13, 5, 14], "texture": "#7"}
			}
		},
		{
			"name": "golden_carrot_93",
			"from": [5, 2, 7.5],
			"to": [6, 3, 8.5],
			"faces": {
				"north": {"uv": [5, 14, 6, 13], "rotation": 180, "texture": "#7"},
				"east": {"uv": [5, 13, 6, 14], "texture": "#7"},
				"south": {"uv": [5, 13, 6, 14], "texture": "#7"},
				"west": {"uv": [5, 13, 6, 14], "texture": "#7"},
				"up": {"uv": [6, 13, 5, 14], "rotation": 180, "texture": "#7"},
				"down": {"uv": [5, 13, 6, 14], "texture": "#7"}
			}
		},
		{
			"name": "golden_carrot_94",
			"from": [2, 1, 7.5],
			"to": [3, 2, 8.5],
			"faces": {
				"north": {"uv": [2, 15, 3, 14], "rotation": 180, "texture": "#7"},
				"east": {"uv": [2, 14, 3, 15], "texture": "#7"},
				"south": {"uv": [2, 14, 3, 15], "texture": "#7"},
				"west": {"uv": [2, 14, 3, 15], "texture": "#7"},
				"up": {"uv": [3, 14, 2, 15], "rotation": 180, "texture": "#7"},
				"down": {"uv": [2, 14, 3, 15], "texture": "#7"}
			}
		},
		{
			"name": "golden_carrot_95",
			"from": [3, 1, 7.5],
			"to": [4, 2, 8.5],
			"faces": {
				"north": {"uv": [3, 15, 4, 14], "rotation": 180, "texture": "#7"},
				"east": {"uv": [3, 14, 4, 15], "texture": "#7"},
				"south": {"uv": [3, 14, 4, 15], "texture": "#7"},
				"west": {"uv": [3, 14, 4, 15], "texture": "#7"},
				"up": {"uv": [4, 14, 3, 15], "rotation": 180, "texture": "#7"},
				"down": {"uv": [3, 14, 4, 15], "texture": "#7"}
			}
		}
	],
	"groups": [
		{
			"name": "golden_carrot",
			"origin": [8, 8, 8],
			"children": [0, 1, 2, 3, 4, 5, 6, 7, 8, 9, 10, 11, 12, 13, 14, 15, 16, 17, 18, 19, 20, 21, 22, 23, 24, 25, 26, 27, 28, 29, 30, 31, 32, 33, 34, 35, 36, 37, 38, 39, 40, 41, 42, 43, 44, 45, 46, 47, 48, 49, 50, 51, 52, 53, 54, 55, 56, 57, 58, 59, 60, 61, 62, 63, 64, 65, 66, 67, 68, 69, 70, 71, 72, 73, 74, 75, 76, 77, 78, 79, 80, 81, 82, 83, 84, 85, 86, 87, 88, 89, 90, 91, 92, 93, 94, 95]
		}
	],
    "display": {
        "gui": {
            "rotation": 	[ 0, 0, 0 ],
            "translation": 	[ 0, 0, 0],
            "scale":		[ 1, 1, 1 ]
        },
        "ground": {
			"rotation": 	[ 0, 0, 0 ],
			"translation": 	[ 0, 3, 0 ],
			"scale": 		[ 0.50, 0.50, 0.50 ]
        },
        "fixed": {
			"rotation": 	[ 0, 180, 0 ],
			"translation": 	[ 0, 0, 0 ],
			"scale": 		[ 1.02, 1.02, 1.02 ]
        },
        "head": {
            "rotation": [ 0, 180, 0 ],
            "translation": [ 0, 13, 7],
            "scale":[ 1, 1, 1]
        },
        "thirdperson_righthand": {
            "rotation": [ 0, 0, 0 ],
            "translation": [ 0, 3, 1 ],
            "scale": [ 0.55, 0.55, 0.55 ]
        },
        "firstperson_righthand": {
            "rotation": [ 0, -90, 25 ],
            "translation": [ 1.13, 3.2, 1.13],
            "scale": [ 0.68, 0.68, 0.68 ]
        }
    
    }
}