{
    "ambientocclusion": false,
    "textures": {
        "particle": "block/furnace_top",
        "lever": "block/lever"
    },
    "elements": [
        {   "from": [ 5, 0, 4 ],
            "to": [ 11, 3, 12 ],
            "faces": {
                "down":  { "uv": [ 10, 0,  16, 8  ], "texture": "#lever", "cullface": "down" },
                "up":    { "uv": [ 4,  0,  10, 8  ], "texture": "#lever" },
                "north": { "uv": [ 10, 11, 16, 14 ], "texture": "#lever" },
                "south": { "uv": [ 10, 11, 16, 14 ], "texture": "#lever" },
                "west":  { "uv": [ 8,  8,  16, 11 ], "texture": "#lever" },
                "east":  { "uv": [ 8,  8,  16, 11 ], "texture": "#lever" }
            }
        },
        {   "from": [ 7, 1, 7 ],
            "to": [ 9, 11, 9 ],
            "rotation": { "origin": [ 8, 1, 8 ], "axis": "x", "angle": -45 },
            "faces": {
                "up":    { "uv": [ 0, 0, 2,  2 ], "texture": "#lever" },
                "north": { "uv": [ 0, 0, 2, 10 ], "texture": "#lever" },
                "south": { "uv": [ 0, 0, 2, 10 ], "texture": "#lever" },
                "west":  { "uv": [ 0, 0, 2, 10 ], "texture": "#lever" },
                "east":  { "uv": [ 0, 0, 2, 10 ], "texture": "#lever" }
            }
        }
    ]
}
